﻿<parameters>
  <parameter name="IIS Web Application Name" defaultValue="FSInventory" tags="IisApp">
    <parameterEntry kind="ProviderPath" scope="IisApp" match="^D:\\PROJETS\\FATSOD\\VALDOZ-INVENTORY\\FSInventory\\Implementation\\FatSodDental\\FatSodDental\.UI\\obj\\Release\\Package\\PackageTmp$" />
    <parameterEntry kind="ProviderPath" scope="setAcl" match="^D:\\PROJETS\\FATSOD\\VALDOZ-INVENTORY\\FSInventory\\Implementation\\FatSodDental\\FatSodDental\.UI\\obj\\Release\\Package\\PackageTmp$" />
  </parameter>
  <parameter name="Add write permission to App_Data Folder" description="Add write permission to App_Data folder" defaultValue="{IIS Web Application Name}/App_Data" tags="Hidden">
    <parameterEntry kind="ProviderPath" scope="setAcl" match="^D:\\PROJETS\\FATSOD\\VALDOZ-INVENTORY\\FSInventory\\Implementation\\FatSodDental\\FatSodDental\.UI\\obj\\Release\\Package\\PackageTmp\\App_Data$" />
  </parameter>
  <parameter name="EFDbContext-Web.config Connection String" defaultValue="Data Source=LOCALHOST;Initial Catalog=ValdozInventory;Persist Security Info=True;User ID=sa;Password=Kokodi12">
    <parameterEntry kind="XmlFile" scope="D:\\PROJETS\\FATSOD\\VALDOZ-INVENTORY\\FSInventory\\Implementation\\FatSodDental\\FatSodDental\.UI\\obj\\Release\\Package\\PackageTmp\\Web\.config$" match="/configuration/connectionStrings/add[@name='EFDbContext']/@connectionString" />
  </parameter>
  <parameter name="EFDbContext_DatabasePublish-Web.config Connection String" description="EFDbContext Chaîne de connexion utilisée par Entity Framework Code First Model pour déployer la base de données." defaultValue="Data Source=LOCALHOST;Initial Catalog=ValdozInventory;Persist Security Info=True;User ID=sa;Password=Kokodi12">
    <parameterEntry kind="XmlFile" scope="D:\\PROJETS\\FATSOD\\VALDOZ-INVENTORY\\FSInventory\\Implementation\\FatSodDental\\FatSodDental\.UI\\obj\\Release\\Package\\PackageTmp\\Web\.config$" match="/configuration/connectionStrings/add[@name='EFDbContext_DatabasePublish']/@connectionString" />
  </parameter>
</parameters>